date,day,slot,bucket,topic,caption,video_prompt,status,notes
2026-06-23,Tue,1,teaching,5個AI工具提升小店效率,AI内容,AI内容视频prompt,pending,
2026-06-23,Tue,2,case_study,BeforeAfter案例展示,AI内容,AI内容视频prompt,pending,
2026-06-23,Tue,3,engagement,問答互動帖,AI内容,AI内容视频prompt,pending,
2026-06-24,Wed,1,teaching,點解要用AI做宣傳片,AI内容,AI内容视频prompt,pending,
2026-06-24,Wed,2,case_study,客戶成功故事,AI内容,AI内容视频prompt,pending,
2026-06-24,Wed,3,promotion,周年優惠推廣,AI内容,AI内容视频prompt,pending,
2026-06-25,Thu,1,teaching,AI省時教學,AI内容,AI内容视频prompt,pending,
2026-06-25,Thu,2,case_study,作品幕後花絮,AI内容,AI内容视频prompt,pending,
2026-06-25,Thu,3,trending,AI新工具趨勢,AI内容,AI内容视频prompt,pending,
